0000001,E0070000035896EC,E0070000035896EF
0000002,E0070000035896EB,E0070000035896EE
0000003,E0070000035896EA,E0070000035896ED
0000004,E0070000035896F2,E0070000035896F5
0000005,E0070000035896F1,E0070000035896F4
0000006,E0070000035896F0,E0070000035896F3
0000010,E007000003589701,E0070000035896FE
0000011,E007000003589700,E0070000035896FD
0000012,E0070000035896FC,E0070000035896FF
0000013,E007000003589704,E007000003589707
0000014,E007000003589703,E007000003589706
0000015,E007000003589702,E007000003589705
0000016,E00700000358970A,E00700000358970D
0000017,E007000003589709,E00700000358970C
0000018,E007000003589708,E00700000358970B
0000019,E007000003589710,E007000003589713
0000020,E007000003589712,E00700000358970F
0000021,E007000003589711,E00700000358970E
0000022,E007000003589716,E007000003589719
0000023,E007000003589715,E007000003589718
0000024,E007000003589714,E007000003589717
0000025,E00700000358971C,E00700000358971F
0000026,E00700000358971B,E00700000358971E
0000027,E00700000358971A,E00700000358971D
0000028,E007000003589722,E007000003589725
0000029,E007000003589721,E007000003589724
0000030,E007000003589720,E007000003589723
0000031,E007000003589728,E00700000358972B
0000032,E007000003589727,E00700000358972A
0000033,E007000003589726,E007000003589729
0000034,E007000003589731,E00700000358972E
0000035,E007000003589730,E00700000358972D
0000036,E00700000358972C,E00700000358972F
0000037,E007000003589734,E007000003589737
0000038,E007000003589733,E007000003589736
0000039,E007000003589732,E007000003589735
0000040,E00700000358973A,E00700000358973D
0000041,E007000003589739,E00700000358973C
0000042,E007000003589738,E00700000358973B
0000043,E007000003589740,E007000003589743
0000044,E007000003589742,E00700000358973F
0000045,E007000003589741,E00700000358973E
0000046,E007000003589746,E007000003589749
0000047,E007000003589745,E007000003589748
0000048,E007000003589744,E007000003589747
0000049,E00700000358974C,E00700000358974F
0000050,E00700000358974B,E00700000358974E
0000051,E00700000358974A,E00700000358974D
0000052,E007000003589752,E007000003589755
0000053,E007000003589751,E007000003589754
0000054,E007000003589750,E007000003589753
0000055,E007000003589758,E00700000358975B
0000056,E007000003589757,E00700000358975A
0000057,E007000003589756,E007000003589759
0000058,E007000003589761,E00700000358975E
0000059,E007000003589760,E00700000358975D
0000060,E00700000358975C,E00700000358975F
0000061,E007000003589764,E007000003589767
0000062,E007000003589763,E007000003589766
0000063,E007000003589762,E007000003589765
0000064,E00700000358976A,E00700000358976D
0000065,E007000003589769,E00700000358976C
0000066,E007000003589768,E00700000358976B
0000067,E007000003589770,E007000003589773
0000068,E007000003589772,E00700000358976F
0000069,E007000003589771,E00700000358976E
0000070,E007000003589776,E007000003589779
0000071,E007000003589775,E007000003589778
0000072,E007000003589774,E007000003589777
0000073,E00700000358977C,E00700000358977F
0000074,E00700000358977B,E00700000358977E
0000075,E00700000358977A,E00700000358977D
0000076,E007000003589782,E007000003589785
0000077,E007000003589781,E007000003589784
0000078,E007000003589780,E007000003589783
0000079,E007000003589788,E00700000358978B
0000080,E007000003589787,E00700000358978A
0000081,E007000003589786,E007000003589789
0000082,E007000003589791,E00700000358978E
0000083,E007000003589790,E00700000358978D
0000084,E00700000358978C,E00700000358978F
0000085,E007000003589794,E007000003589797
0000086,E007000003589793,E007000003589796
0000087,E007000003589792,E007000003589795
0000088,E00700000358979A,E00700000358979D
0000089,E007000003589799,E00700000358979C
0000090,E007000003589798,E00700000358979B
0000091,E0070000035897A0,E0070000035897A3
0000092,E0070000035897A2,E00700000358979F
0000093,E0070000035897A1,E00700000358979E
0000094,E0070000035897A6,E0070000035897A9
0000095,E0070000035897A5,E0070000035897A8
0000096,E0070000035897A4,E0070000035897A7
0000097,E0070000035897AC,E0070000035897AF
0000098,E0070000035897AB,E0070000035897AE
0000099,E0070000035897AA,E0070000035897AD
0000100,E0070000035897B2,E0070000035897B5
0000101,E0070000035897B1,E0070000035897B4
0000102,E0070000035897B0,E0070000035897B3
0000103,E0070000035897B8,E0070000035897BB
0000104,E0070000035897B7,E0070000035897BA
0000105,E0070000035897B6,E0070000035897B9
0000106,E0070000035897C1,E0070000035897BE
0000107,E0070000035897C0,E0070000035897BD
0000108,E0070000035897BC,E0070000035897BF
0000109,E0070000035897C4,E0070000035897C7
0000110,E0070000035897C3,E0070000035897C6
0000111,E0070000035897C2,E0070000035897C5
0000112,E0070000035897CA,E0070000035897CD
0000113,E0070000035897C9,E0070000035897CC
0000114,E0070000035897C8,E0070000035897CB
0000115,E0070000035897D0,E0070000035897D3
0000116,E0070000035897D2,E0070000035897CF
0000117,E0070000035897D1,E0070000035897CE
0000118,E0070000035897D6,E0070000035897D9
0000119,E0070000035897D5,E0070000035897D8
0000120,E0070000035897D4,E0070000035897D7
0000121,E0070000035897DC,E0070000035897DF
0000122,E0070000035897DB,E0070000035897DE
0000123,E0070000035897DA,E0070000035897DD
0000124,E0070000035897E2,E0070000035897E5
0000125,E0070000035897E1,E0070000035897E4
0000126,E0070000035897E0,E0070000035897E3
0000127,E0070000035897E8,E0070000035897EB
0000128,E0070000035897E7,E0070000035897EA
0000129,E0070000035897E6,E0070000035897E9
0000130,E0070000035897F1,E0070000035897EE
0000131,E0070000035897F0,E0070000035897ED
0000132,E0070000035897EC,E0070000035897EF
0000133,E0070000035897F4,E0070000035897F7
0000134,E0070000035897F3,E0070000035897F6
0000135,E0070000035897F2,E0070000035897F5
0000136,E0070000035897FA,E0070000035897FD
0000137,E0070000035897F9,E0070000035897FC
0000138,E0070000035897F8,E0070000035897FB
0000139,E007000003589800,E007000003589803
0000140,E007000003589802,E0070000035897FF
0000141,E007000003589801,E0070000035897FE
0000142,E007000003589806,E007000003589809
0000143,E007000003589805,E007000003589808
0000144,E007000003589804,E007000003589807
0000145,E00700000358980C,E00700000358980F
0000146,E00700000358980B,E00700000358980E
0000147,E00700000358980A,E00700000358980D
0000148,E007000003589812,E007000003589815
0000149,E007000003589811,E007000003589814
0000150,E007000003589810,E007000003589813
0000151,E007000003589818,E00700000358981B
0000152,E007000003589817,E00700000358981A
0000153,E007000003589816,E007000003589819
0000154,E007000003589821,E00700000358981E
0000155,E007000003589820,E00700000358981D
0000156,E00700000358981C,E00700000358981F
0000157,E007000003589824,E007000003589827
0000158,E007000003589823,E007000003589826
0000159,E007000003589822,E007000003589825
0000160,E00700000358982A,E00700000358982D
0000161,E007000003589829,E00700000358982C
0000162,E007000003589828,E00700000358982B
0000163,E007000003589830,E007000003589833
0000164,E007000003589832,E00700000358982F
0000165,E007000003589831,E00700000358982E
0000166,E007000003589836,E007000003589839
0000167,E007000003589835,E007000003589838
0000168,E007000003589834,E007000003589837
0000169,E00700000358983C,E00700000358983F
0000170,E00700000358983B,E00700000358983E
0000171,E00700000358983A,E00700000358983D
0000172,E007000003589842,E007000003589845
0000173,E007000003589841,E007000003589844
0000174,E007000003589840,E007000003589843
0000175,E007000003589848,E00700000358984B
0000176,E007000003589847,E00700000358984A
0000177,E007000003589846,E007000003589849
0000178,E007000003589851,E00700000358984E
0000179,E007000003589850,E00700000358984D
0000180,E00700000358984C,E00700000358984F
0000181,E007000003589854,E007000003589857
0000182,E007000003589853,E007000003589856
0000183,E007000003589852,E007000003589855
0000184,E00700000358985A,E00700000358985D
0000185,E007000003589859,E00700000358985C
0000186,E007000003589858,E00700000358985B
0000187,E007000003589860,E007000003589863
0000188,E007000003589862,E00700000358985F
0000189,E007000003589861,E00700000358985E
0000190,E007000003589868,E007000003589869
0000191,E007000003589866,E007000003589867
0000192,E007000003589864,E007000003589865
0000194,E00700000358986B,E00700000358986E
0000195,E00700000358986A,E00700000358986D
0000196,E007000003589872,E007000003589875
0000197,E007000003589871,E007000003589874
0000198,E007000003589870,E007000003589873
0000199,E007000003589878,E00700000358987B
0000200,E007000003589877,E00700000358987A
0000201,E00700002A2F2738,E00700002A2F2739
0000202,E00700002A2F2736,E00700002A2F2737
0000203,E00700002A2F2734,E00700002A2F2735
0000204,E00700002A2F273D,E00700002A2F273F
0000205,E00700002A2F273A,E00700002A2F273E
0000206,E00700002A2F273B,E00700002A2F273C
0000207,E00700002A2F2725,E00700002A2F2726
0000208,E00700002A2F2742,E00700002A2F2724
0000209,E00700002A2F2740,E00700002A2F2741
0000210,E00700002A2F2733,E00700002A2F272B
0000211,E00700002A2F2729,E00700002A2F272A
0000212,E00700002A2F2727,E00700002A2F2728
0000213,E00700002A2F272D,E00700002A2F272E
0000214,E00700002A2F2730,E00700002A2F272F
0000215,E00700002A2F2731,E00700002A2F2732
0000216,E00700002A2F2720,E00700002A2F271F
0000217,E00700002A2F2721,E00700002A2F2722
0000218,E00700002A2F2723,E00700002A2F272C
0000219,E00700002A2F2719,E00700002A2F271A
0000220,E00700002A2F271B,E00700002A2F271C
0000221,E00700002A2F271D,E00700002A2F271E
0000222,E00700002A2F2713,E00700002A2F2714
0000223,E00700002A2F2715,E00700002A2F2716
0000224,E00700002A2F2717,E00700002A2F2718
0000225,E00700002A2F270D,E00700002A2F270E
0000226,E00700002A2F2710,E00700002A2F270F
0000227,E00700002A2F2711,E00700002A2F2712
0000228,E00700002A2F2707,E00700002A2F2708
0000229,E00700002A2F2709,E00700002A2F270A
0000230,E00700002A2F270B,E00700002A2F270C
0000231,E00700002A2F2701,E00700002A2F2702
0000232,E00700002A2F2703,E00700002A2F2704
0000233,E00700002A2F2705,E00700002A2F2706
0000234,E00700002A2F26FB,E00700002A2F26FC
0000235,E00700002A2F26FD,E00700002A2F26FE
0000236,E00700002A2F2700,E00700002A2F26FF
0000237,E00700002A2F26F5,E00700002A2F26F6
0000238,E00700002A2F26F7,E00700002A2F26F8
0000239,E00700002A2F26F9,E00700002A2F26FA
0000240,E00700002A2F27F6,E00700002A2F27F7
0000241,E00700002A2F27F8,E00700002A2F27F9
0000242,E00700002A2F27FA,E00700002A2F27FB
0000243,E00700002A2F27F0,E00700002A2F27F1
0000244,E00700002A2F27F2,E00700002A2F27F3
0000245,E00700002A2F27F4,E00700002A2F27F5
0000246,E00700002A2F27EA,E00700002A2F27EB
0000247,E00700002A2F27EC,E00700002A2F27ED
0000248,E00700002A2F27EE,E00700002A2F27EF
0000249,E00700002A2F27E4,E00700002A2F27E5
0000250,E00700002A2F27E6,E00700002A2F27E7
0000251,E00700002A2F27DE,E00700002A2F27DF
0000252,E00700002A2F27E0,E00700002A2F27E1
0000253,E00700002A2F27E2,E00700002A2F27E3
0000254,E00700002A2F27D8,E00700002A2F27DD
0000255,E00700002A2F27DB,E00700002A2F27DC
0000256,E00700002A2F27D9,E00700002A2F27DA
0000257,E00700002A2F27D2,E00700002A2F27D3
0000258,E00700002A2EFF03,E00700002A2F27D4
0000259,E00700002A2F27D6,E00700002A2F27D7
0000260,E00700002A2F27CC,E00700002A2F27CD
0000261,E00700002A2F27CE,E00700002A2F27CF
0000262,E00700002A2F27D0,E00700002A2F27D1
0000263,E00700002A2F27C6,E00700002A2F27C7
0000264,E00700002A2F27C8,E00700002A2F27C9
0000265,E00700002A2F27CA,E00700002A2F27CB
0000266,E00700002A2F286D,E00700002A2F286E
0000268,E00700002A2F27C4,E00700002A2F27C5
0000269,E00700002A2F2873,E00700002A2F2874
0000270,E00700002A2F2871,E00700002A2F2872
0000271,E00700002A2F2870,E00700002A2F286F
0000272,E00700002A2F2885,E00700002A2F2886
0000273,E00700002A2F2875,E00700002A2F2876
0000274,E00700002A2F2877,E00700002A2F2878
0000275,E00700002A2F2880,E00700002A2F287F
0000276,E00700002A2F2881,E00700002A2F2882
0000277,E00700002A2F2883,E00700002A2F2884
0000278,E00700002A2F2879,E00700002A2F287A
0000279,E00700002A2F287B,E00700002A2F287C
0000280,E00700002A2F287D,E00700002A2F287E
0000281,E00700002A2F288B,E00700002A2F288C
0000282,E00700002A2F2889,E00700002A2F288A
0000283,E00700002A2F2887,E00700002A2F2888
0000284,E00700002A2F2891,E00700002A2F2892
0000285,E00700002A2F2890,E00700002A2F288F
0000286,E00700002A2F288D,E00700002A2F288E
0000287,E00700002A2F2839,E00700002A2F283A
0000288,E00700002A2F2837,E00700002A2F2838
0000289,E00700002A2F2893,E00700002A2F2836
0000290,E00700002A2F2840,E00700002A2F283F
0000291,E00700002A2F283D,E00700002A2F283E
0000292,E00700002A2F283B,E00700002A2F283C
0000293,E00700002A2F2845,E00700002A2F2846
0000294,E00700002A2F2843,E00700002A2F2844
0000295,E00700002A2F2841,E00700002A2F2842
0000296,E00700002A2F284B,E00700002A2F284C
0000297,E00700002A2F2849,E00700002A2F284A
0000298,E00700002A2F2847,E00700002A2F2848
0000299,E00700002A2F2858,E00700002A2F2859
0000300,E00700002A2F285A,E00700002A2F285B
0000301,E00700002A2F284D,E00700002A2F284E
0000302,E00700002A2F2852,E00700002A2F2853
0000303,E00700002A2F2854,E00700002A2F2855
0000304,E00700002A2F2856,E00700002A2F2857
0000305,E00700002A2F2868,E00700002A2F2869
0000306,E00700002A2F2851,E00700002A2F286A
0000307,E00700002A2F2850,E00700002A2F284F
0000308,E00700002A2F2862,E00700002A2F2863
0000309,E00700002A2F2864,E00700002A2F2865
0000310,E00700002A2F2866,E00700002A2F2867
0000311,E00700002A2F292D,E00700002A2F292E
0000312,E00700002A2F292B,E00700002A2F292C
0000313,E00700002A2F2929,E00700002A2F292A
0000314,E00700002A2F2933,E00700002A2F2934
0000315,E00700002A2F2931,E00700002A2F2932
0000316,E00700002A2F2930,E00700002A2F292F
0000317,E00700002A2F2969,E00700002A2F296A
0000318,E00700002A2F2967,E00700002A2F2968
0000319,E00700002A2F2965,E00700002A2F2966
0000320,E00700002A2F296E,E00700002A2F296F
0000321,E00700002A2F2970,E00700002A2EFF01
0000322,E00700002A2EFF00,E00700002A2F296C
0000323,E00700002A2F2977,E00700002A2F2978
0000324,E00700002A2F2979,E00700002A2F297A
0000325,E00700002A2F297B,E00700002A2F297C
0000326,E00700002A2F2971,E00700002A2F2972
0000328,E00700002A2F2975,E00700002A2F2976
0000329,E00700002A2F2960,E00700002A2F295F
0000330,E00700002A2F2961,E00700002A2F2962
0000331,E00700002A2F2963,E00700002A2F2964
0000332,E00700002A2F295D,E00700002A2F295E
0000333,E00700002A2F295B,E00700002A2F295C
0000334,E00700002A2F2959,E00700002A2F295A
0000335,E00700002A2F2951,E00700002A2F2952
0000336,E00700002A2F2950,E00700002A2F294F
0000337,E00700002A2F294D,E00700002A2F294E
0000338,E00700002A2EFF05,E00700002A2F2957
0000339,E00700002A2F2955,E00700002A2F2956
0000340,E00700002A2F2953,E00700002A2F2954
0000341,E00700002A2F2945,E00700002A2F2946
0000342,E00700002A2F2943,E00700002A2F2944
0000343,E00700002A2F2942,E00700002A2F294C
0000344,E00700002A2F2861,E00700002A2F2947
0000345,E00700002A2F2948,E00700002A2F2949
0000346,E00700002A2F294A,E00700002A2F294B
0000347,E00700002A2F2935,E00700002A2F285C
0000348,E00700002A2F285D,E00700002A2F285E
0000349,E00700002A2F2860,E00700002A2F285F
0000350,E00700002A2F293A,E00700002A2F293B
0000351,E00700002A2F2938,E00700002A2F2939
0000352,E00700002A2F2936,E00700002A2F2937
0000353,E00700002A2F293C,E00700002A2F293D
0000354,E00700002A2F293E,E00700002A2F293F
0000355,E00700002A2F2940,E00700002A2F2941
0000356,E00700002A2F2A1A,E00700002A2F2A1B
0000357,E00700002A2F2A1C,E00700002A2F2A1D
0000358,E00700002A2F2A1E,E00700002A2F2A1F
0000359,E00700002A2F2A22,E00700002A2F2A23
0000360,E00700002A2F2A20,E00700002A2F2A21
0000361,E00700002A2F2A18,E00700002A2F2A19
0000362,E00700002A2F2A50,E00700002A2F2A4F
0000363,E00700002A2F2A26,E00700002A2F2A27
0000364,E00700002A2F2A24,E00700002A2F2A25
0000365,E00700002A2F2A49,E00700002A2F2A4A
0000366,E00700002A2F2A4B,E00700002A2F2A4C
0000367,E00700002A2F2A4D,E00700002A2F2A4E
0000368,E00700002A2F2A43,E00700002A2F2A44
0000369,E00700002A2F2A45,E00700002A2F2A46
0000370,E00700002A2F2A47,E00700002A2F2A48
0000371,E00700002A2F2A60,E00700002A2F2A5F
0000372,E00700002A2F2A40,E00700002A2F2A61
0000373,E00700002A2F2A41,E00700002A2F2A42
0000374,E00700002A2F2A59,E00700002A2F2A5A
0000375,E00700002A2F2A5B,E00700002A2F2A5C
0000376,E00700002A2F2A5D,E00700002A2F2A5E
0000377,E00700002A2F2A53,E00700002A2F2A54
0000378,E00700002A2F2A55,E00700002A2F2A56
0000379,E00700002A2F2A57,E00700002A2F2A58
0000380,E00700002A2F2A31,E00700002A2F2A32
0000381,E00700002A2F2A33,E00700002A2F2A34
0000382,E00700002A2F2A51,E00700002A2F2A52
0000383,E00700002A2F2A2B,E00700002A2F2A2C
0000384,E00700002A2F2A2D,E00700002A2F2A2E
0000385,E00700002A2F2A30,E00700002A2F2A2F
0000386,E00700002A2F2A3D,E00700002A2F2A3E
0000387,E00700002A2F2A2A,E00700002A2F2A3F
0000388,E00700002A2F2A28,E00700002A2F2A29
0000389,E00700002A2F2A37,E00700002A2F2A38
0000390,E00700002A2F2A39,E00700002A2F2A3A
0000391,E00700002A2F2A3B,E00700002A2F2A3C
0000392,E00700002A2F2A64,E00700002A2F2A65
0000393,E00700002A2F2A62,E00700002A2F2A63
0000394,E00700002A2F2A35,E00700002A2F2A36
0000395,E00700002A2F2A6A,E00700002A2F2A6B
0000396,E00700002A2F2A68,E00700002A2F2A69
0000397,E00700002A2F2A66,E00700002A2F2A67
0000398,E00700002A2F2B04,E00700002A2F2B05
0000399,E00700002A2F2B02,E00700002A2F2B03
0000400,E00700002A2F2A6C,E00700002A2F2A6D
0000401,E00700002A2F2B15,E00700002A2F2B0A
0000402,E00700002A2F2B08,E00700002A2F2B09
0000403,E00700002A2F2B06,E00700002A2F2B07
0000404,E00700002A2F2B10,E00700002A2F2B0F
0000405,E00700002A2F2B11,E00700002A2F2B12
0000406,E00700002A2F2B13,E00700002A2F2B14
0000407,E00700002A2F2B16,E00700002A2F2B17
0000408,E00700002A2F2B0B,E00700002A2F2B0C
0000409,E00700002A2F2B0D,E00700002A2F2B0E
0000410,E00700002A2F2B1C,E00700002A2F2B1D
0000411,E00700002A2F2B1A,E00700002A2F2B1B
0000412,E00700002A2F2B18,E00700002A2F2B19
0000413,E00700002A2F2B22,E00700002A2F2B23
0000414,E00700002A2F2B20,E00700002A2F2B21
0000415,E00700002A2F2B1E,E00700002A2F2B1F
0000416,E00700002A2F2B28,E00700002A2F2B29
0000417,E00700002A2F2B26,E00700002A2F2B27
0000418,E00700002A2F2B24,E00700002A2F2B25
0000419,E00700002A2F2B2E,E00700002A2F2B2F
0000420,E00700002A2F2B2C,E00700002A2F2B2D
0000421,E00700002A2F2B2A,E00700002A2F2B2B
0000422,E00700002A2F2B34,E00700002A2F2B35
0000423,E00700002A2F2B32,E00700002A2F2B33
0000424,E00700002A2F2B30,E00700002A2F2B31
0000425,E00700002A2F2B3A,E00700002A2F2B3B
0000426,E00700002A2F2B38,E00700002A2F2B39
0000427,E00700002A2F2B36,E00700002A2F2B37
0000428,E00700002A2F2B40,E00700002A2F2B41
0000429,E00700002A2F2B3E,E00700002A2F2B3F
0000430,E00700002A2F2B3C,E00700002A2F2B3D
0000431,E00700002A2F2B5E,E00700002A2F2B5F
0000432,E00700002A2F2B60,E00700002A2F2B61
0000433,E00700002A2F2B62,E00700002A2F2B63
0000434,E00700002A2F2B42,E00700002A2F2B59
0000435,E00700002A2F2B5A,E00700002A2F2B5B
0000436,E00700002A2F2B5C,E00700002A2F2B5D
0000437,E00700002A2F2B47,E00700002A2F2B48
0000438,E00700002A2F2B45,E00700002A2F2B46
0000439,E00700002A2F2B43,E00700002A2F2B44
0000440,E00700002A2F2B4D,E00700002A2F2B4E
0000441,E00700002A2F2B4B,E00700002A2F2B4C
0000442,E00700002A2F2B49,E00700002A2F2B4A
0000443,E00700002A2F2B53,E00700002A2F2B54
0000444,E00700002A2F2B51,E00700002A2F2B52
0000445,E00700002A2F2B50,E00700002A2F2B4F
0000446,E00700002A2F2C6C,E00700002A2F2C6D
0000447,E00700002A2F2B57,E00700002A2F2B58
0000448,E00700002A2F2B55,E00700002A2F2B56
0000449,E00700002A2F2C72,E00700002A2F2C73
0000450,E00700002A2F2C70,E00700002A2F2C71
0000451,E00700002A2F2C6E,E00700002A2F2C6F
0000452,E00700002A2F2C78,E00700002A2F2C79
0000453,E00700002A2F2C76,E00700002A2F2C77
0000454,E00700002A2F2C74,E00700002A2F2C75
0000455,E00700002A2F2C8A,E00700002A2F2C8B
0000456,E00700002A2F2C7C,E00700002A2F2C7D
0000457,E00700002A2F2C7A,E00700002A2F2C7B
0000458,E00700002A2F2C84,E00700002A2F2C85
0000459,E00700002A2F2C86,E00700002A2F2C87
0000460,E00700002A2F2C88,E00700002A2F2C89
0000461,E00700002A2F2C82,E00700002A2F2C83
0000462,E00700002A2F2C80,E00700002A2F2C81
0000463,E00700002A2F2C7E,E00700002A2F2C7F
0000464,E00700002A2F2C96,E00700002A2F2C97
0000465,E00700002A2F2C98,E00700002A2F2C99
0000466,E00700002A2F2C9A,E00700002A2F2C9B
0000467,E00700002A2F2C90,E00700002A2F2C91
0000468,E00700002A2F2C92,E00700002A2F2C93
0000469,E00700002A2F2C94,E00700002A2F2C95
0000470,E00700002A2F2CAC,E00700002A2F2CAD
0000471,E00700002A2F2C8C,E00700002A2F2C8D
0000472,E00700002A2F2C8E,E00700002A2F2C8F
0000473,E00700002A2F2CA6,E00700002A2F2CA7
0000474,E00700002A2F2CA8,E00700002A2F2CA9
0000475,E00700002A2F2CAA,E00700002A2F2CAB
0000476,E00700002A2F2CA0,E00700002A2F2CA1
0000477,E00700002A2F2CA2,E00700002A2F2CA3
0000478,E00700002A2F2CA4,E00700002A2F2CA5
0000479,E00700002A2F2CAE,E00700002A2F2CAF
0000480,E00700002A2F2C9E,E00700002A2F2C9F
0000481,E00700002A2F2C9C,E00700002A2F2C9D
0000482,E00700002A2F2CB4,E00700002A2F2CB5
0000483,E00700002A2F2CB2,E00700002A2F2CB3
0000484,E00700002A2F2CB0,E00700002A2F2CB1
0000485,E00700002A2F2CBA,E00700002A2F2CBB
0000486,E00700002A2F2CB8,E00700002A2F2CB9
0000487,E00700002A2F2CB6,E00700002A2F2CB7
0000488,E00700002A2F2E1D,E00700002A2F2E1E
0000489,E00700002A2F2E1B,E00700002A2F2E1C
0000490,E00700002A2F2E19,E00700002A2F2E1A
0000491,E00700002A2F2CBC,E00700002A2F2CBD
0000492,E00700002A2F2CBE,E00700002A2F2CBF
0000493,E00700002A2F2CC0,E00700002A2F2CC1
0000494,E00700002A2F2D97,E00700002A2F2D98
0000495,E00700002A2F2D95,E00700002A2F2D96
0000496,E00700002A2F2D93,E00700002A2F2D94
0000497,E00700002A2F2D9D,E00700002A2F2D9E
0000498,E00700002A2F2D9B,E00700002A2F2D9C
0000499,E00700002A2F2D99,E00700002A2F2D9A
0000500,E00700002A2F2DB0,E00700002A2F2DAF
0000501,E00700002A2F2DB1,E00700002A2F2DB2
0000502,E00700002A2F2DB3,E00700002A2F2DB4
0000503,E00700002A2F2DA9,E00700002A2F2DAA
0000504,E00700002A2F2DAB,E00700002A2F2DAC
0000505,E00700002A2F2DAD,E00700002A2F2DAE
0000506,E00700002A2F2DA3,E00700002A2F2DA4
0000508,E00700002A2F2DA0,E00700002A2F2D9F
0000509,E00700002A2F2E0A,E00700002A2F2E0B
0000510,E00700002A2F2DA6,E00700002A2F2DA8
0000511,E00700002A2F2DA5,E00700002A2F2DA7
0000512,E00700002A2F2E10,E00700002A2F2E0F
0000513,E00700002A2F2E11,E00700002A2F2E0D
0000514,E00700002A2F2E0C,E00700002A2F2E0E
0000515,E00700002A2F2E16,E00700002A2F2E17
0000516,E00700002A2F2E14,E00700002A2F2E15
0000517,E00700002A2F2E12,E00700002A2F2E13
0000518,E00700002A2F2E05,E00700002A2F2E06
0000519,E00700002A2F2E07,E00700002A2F2E08
0000520,E00700002A2F2E18,E00700002A2F2E09
0000521,E00700002A2F2E00,E00700002A2F2DFF
0000522,E00700002A2F2E01,E00700002A2F2E02
0000523,E00700002A2F2E03,E00700002A2F2E04
0000524,E00700002A2F2DDD,E00700002A2F2DDE
0000525,E00700002A2F2DFC,E00700002A2F2DDF
0000526,E00700002A2F2DFD,E00700002A2F2DFE
0000527,E00700002A2F2DD7,E00700002A2F2DD8
0000528,E00700002A2F2DD9,E00700002A2F2DDA
0000529,E00700002A2F2DDB,E00700002A2F2DDC
0000530,E00700002A2F2DD1,E00700002A2F2DD2
0000531,E00700002A2F2DD3,E00700002A2F2DD4
0000532,E00700002A2F2DD5,E00700002A2F2DD6
0000533,E00700002A2F2DCB,E00700002A2F2DCC
0000535,E00700002A2F2DD0,E00700002A2F2DCF
0000536,E00700002A2F2DC5,E00700002A2F2DC6
0000537,E00700002A2F2DC7,E00700002A2F2DC8
0000538,E00700002A2F2DC9,E00700002A2F2DCA
0000539,E00700002A2F2DF8,E00700002A2F2DF9
0000540,E00700002A2F2DFA,E00700002A2F2DFB
0000541,E00700002A2F2DC3,E00700002A2F2DC4
0000542,E00700002A2F2DF2,E00700002A2F2DF3
0000543,E00700002A2F2DF4,E00700002A2F2DF5
0000544,E00700002A2F2DF6,E00700002A2F2DF7
0000545,E00700002A2F2DEC,E00700002A2F2DED
0000546,E00700002A2F2DF1,E00700002A2F2DEE
0000547,E00700002A2F2DF0,E00700002A2F2DEF
0000548,E00700002A2F2DE6,E00700002A2F2DE7
0000549,E00700002A2F2DE8,E00700002A2F2DE9
0000550,E00700002A2F2DEA,E00700002A2F2DEB
0000551,E00700002A2F2DE0,E00700002A2F2DE1
0000552,E00700002A2F2DE2,E00700002A2F2DE3
0000553,E00700002A2F2DE4,E00700002A2F2DE5
0000554,E00700002A2F2DBD,E00700002A2F2DBE
0000555,E00700002A2F2DC0,E00700002A2F2DBF
0000556,E00700002A2F2DC1,E00700002A2F2DC2
0000557,E00700002A2F2DB7,E00700002A2F2DB8
0000558,E00700002A2F2DB9,E00700002A2F2DBA
0000559,E00700002A2F2DBB,E00700002A2F2DBC
0000560,E00700002A2F2C50,E00700002A2F2C51
0000561,E00700002A2F2C4E,E00700002A2F2C4F
0000562,E00700002A2F2DB5,E00700002A2F2DB6
0000563,E00700002A2F2C56,E00700002A2F2C57
0000564,E00700002A2F2C54,E00700002A2F2C55
0000565,E00700002A2F2C52,E00700002A2F2C53
0000566,E00700002A2F2C5C,E00700002A2F2C5D
0000567,E00700002A2F2C5A,E00700002A2F2C5B
0000568,E00700002A2F2C58,E00700002A2F2C59
0000569,E00700002A2F2C3B,E00700002A2F2C3C
0000570,E00700002A2F2C39,E00700002A2F2C3A
0000571,E00700002A2F2C38,E00700002A2F2C5E
0000572,E00700002A2F2C6A,E00700002A2F2C6B
0000573,E00700002A2F2C40,E00700002A2F2C3F
0000574,E00700002A2F2C3D,E00700002A2F2C3E
0000575,E00700002A2F2C48,E00700002A2F2C49
0000576,E00700002A2F2C4A,E00700002A2F2C4B
0000577,E00700002A2F2C4C,E00700002A2F2C4D
0000578,E00700002A2F2C42,E00700002A2F2C43
0000579,E00700002A2F2C44,E00700002A2F2C45
0000580,E00700002A2F2C46,E00700002A2F2C47
0000581,E00700002A2F2C65,E00700002A2F2C66
0000582,E00700002A2F2C67,E00700002A2F2C69
0000583,E00700002A2F2C41,E00700002A2F2C68
0000584,E00700002A2F2C60,E00700002A2F2C5F
0000585,E00700002A2F2C61,E00700002A2F2C62
0000586,E00700002A2F2C63,E00700002A2F2C64
0000587,E00700002A2F3077,E00700002A2F3078
0000588,E00700002A2F3075,E00700002A2F3076
0000589,E00700002A2F3073,E00700002A2F3074
0000590,E00700002A2F307D,E00700002A2F307E
0000591,E00700002A2F307B,E00700002A2F307C
0000592,E00700002A2F3079,E00700002A2F307A
0000593,E00700002A2F30EE,E00700002A2F30EF
0000594,E00700002A2F30F0,E00700002A2F30F1
0000595,E00700002A2F30F2,E00700002A2F307F
0000596,E00700002A2F3080,E00700002A2F30ED
0000597,E00700002A2F30EB,E00700002A2F30EC
0000598,E00700002A2F30E9,E00700002A2F30EA
0000599,E00700002A2F3085,E00700002A2F3086
0000600,E00700002A2F3083,E00700002A2F3084
0000601,E00700002A2F3081,E00700002A2F3082
0000602,E00700002A2F308B,E00700002A2F308C
0000603,E00700002A2F3089,E00700002A2F308A
0000604,E00700002A2F3087,E00700002A2F3088
0000605,E00700002A2F30DC,E00700002A2F30DD
0000606,E00700002A2F30DA,E00700002A2F30DB
0000607,E00700002A2F308D,E00700002A2F308E
0000608,E00700002A2F30E2,E00700002A2F30E3
0000609,E00700002A2F30E0,E00700002A2F30E1
0000610,E00700002A2F30DE,E00700002A2F30DF
0000611,E00700002A2F30E8,E00700002A2F305B
0000612,E00700002A2F30E6,E00700002A2F30E7
0000613,E00700002A2F30E4,E00700002A2F30E5
0000614,E00700002A2F3060,E00700002A2F3061
0000615,E00700002A2F305E,E00700002A2F305F
0000616,E00700002A2F305C,E00700002A2F305D
0000617,E00700002A2F3063,E00700002A2F30D9
0000618,E00700002A2F3062,E00700002A2F3065
0000619,E00700002A2F3064,E00700002A2F3066
0000620,E00700002A2F30D3,E00700002A2F30D4
0000621,E00700002A2F30D5,E00700002A2F30D6
0000622,E00700002A2F30D7,E00700002A2F30D8
0000623,E00700002A2F30CD,E00700002A2F30CE
0000624,E00700002A2F30D0,E00700002A2F30CF
0000625,E00700002A2F30D1,E00700002A2F30D2
0000626,E00700002A2F306D,E00700002A2F306E
0000627,E00700002A2F3070,E00700002A2F306F
0000628,E00700002A2F3071,E00700002A2F3072
0000629,E00700002A2F3067,E00700002A2F3068
0000630,E00700002A2F3069,E00700002A2F306A
0000631,E00700002A2F306B,E00700002A2F306C
0000632,E00700002A2F30C7,E00700002A2F30C8
0000633,E00700002A2F30C9,E00700002A2F30CA
0000634,E00700002A2F30CB,E00700002A2F30CC
0000635,E00700002A2F30C1,E00700002A2F30C2
0000636,E00700002A2F30C3,E00700002A2F30C4
0000637,E00700002A2F30C5,E00700002A2F30C6
0000638,E00700002A2F30BB,E00700002A2F30BC
0000639,E00700002A2F30BD,E00700002A2F30BE
0000640,E00700002A2F30C0,E00700002A2F30BF
0000641,E00700002A2F30B5,E00700002A2F30B6
0000642,E00700002A2F30B7,E00700002A2F30B8
0000643,E00700002A2F30B9,E00700002A2F30BA
0000644,E00700002A2F30B0,E00700002A2F30AF
0000645,E00700002A2F30B1,E00700002A2F30B2
0000646,E00700002A2F30B3,E00700002A2F30B4
0000647,E00700002A2F30A9,E00700002A2F30AA
0000648,E00700002A2F30AB,E00700002A2F30AC
0000649,E00700002A2F30AD,E00700002A2F30AE
0000650,E00700002A2F3092,E00700002A2F3093
0000651,E00700002A2F3090,E00700002A2F3091
0000652,E00700002A2F30A8,E00700002A2F308F
0000653,E00700002A2F3098,E00700002A2F3099
0000654,E00700002A2F3096,E00700002A2F3097
0000655,E00700002A2F3094,E00700002A2F3095
0000656,E00700002A2F30A4,E00700002A2F30A5
0000657,E00700002A2F30A6,E00700002A2F30A7
0000658,E00700002A2F309A,E00700002A2F309B
0000659,E00700002A2F309E,E00700002A2F309F
0000660,E00700002A2F30A0,E00700002A2F30A1
0000661,E00700002A2F30A2,E00700002A2F30A3
0000662,E00700002A2F0502,E00700002A2F0503
0000663,E00700002A2F0500,E00700002A2F0501
0000664,E00700002A2F309C,E00700002A2F309D
0000665,E00700002A2F0508,E00700002A2F0509
0000666,E00700002A2F0506,E00700002A2F0507
0000667,E00700002A2F0504,E00700002A2F0505
0000668,E00700002A2F04F4,E00700002A2F04F5
0000669,E00700002A2F050C,E00700002A2F050D
0000670,E00700002A2F050A,E00700002A2F050B
0000671,E00700002A2F04FA,E00700002A2F04FB
0000672,E00700002A2F04F8,E00700002A2F04F9
0000673,E00700002A2F04F6,E00700002A2F04F7
0000675,E00700002A2F04FE,E00700002A2F04FF
0000676,E00700002A2F04FC,E00700002A2F04FD
0000677,E00700002A2F04EE,E00700002A2F04EF
0000678,E00700002A2F04F0,E00700002A2F04F1
0000679,E00700002A2F04F2,E00700002A2F04F3
0000680,E00700002A2F04E6,E00700002A2F04E7
0000681,E00700002A2F04E8,E00700002A2F04ED
0000682,E00700002A2F04EB,E00700002A2F04EC
0000683,E00700002A2F04E0,E00700002A2F04E1
0000684,E00700002A2F04E2,E00700002A2F04E3
0000685,E00700002A2F04E4,E00700002A2F04E5
0000686,E00700002A2F04DA,E00700002A2F04DB
0000687,E00700002A2F04DC,E00700002A2F04DD
0000688,E00700002A2F04DE,E00700002A2F04DF
0000689,E00700002A2F04D4,E00700002A2F04D5
0000690,E00700002A2F04D6,E00700002A2F04D7
0000691,E00700002A2F04D8,E00700002A2F04D9
0000692,E00700002A2F04CE,E00700002A2F04CF
0000693,E00700002A2F04D0,E00700002A2F04D1
0000694,E00700002A2F04D2,E00700002A2F04D3
0000695,E00700002A2F04C8,E00700002A2F04C9
0000696,E00700002A2F04CA,E00700002A2F04CB
0000697,E00700002A2F04CC,E00700002A2F04CD
0000698,E00700002A2F04B3,E00700002A2F04B4
0000699,E00700002A2F04B5,E00700002A2F04B6
0000700,E00700002A2F04B7,E00700002A2F04B8
0000701,E00700002A2F04C4,E00700002A2F04C5
0000702,E00700002A2F04C6,E00700002A2F04C7
0000703,E00700002A2F04B1,E00700002A2F04B2
0000704,E00700002A2F04BE,E00700002A2F04BF
0000705,E00700002A2F04C0,E00700002A2F04C1
0000706,E00700002A2F04C2,E00700002A2F04C3
0000708,E00700002A2F04BB,E00700002A2F04BC
0000709,E00700002A2F04B9,E00700002A2F04BA
0000710,E00700002A2EFF27,E00700002A2EFF28
0000711,E00700002A2EFF29,E00700002A2EFF2A
0000712,E00700002A2EFF2B,E00700002A2EFF2C
0000713,E00700002A2EFF32,E00700002A2EFF33
0000714,E00700002A2EFF34,E00700002A2EFF35
0000716,E00700002A2EFF44,E00700002A2EFF45
0000717,E00700002A2EFF30,E00700002A2EFF31
0000718,E00700002A2EFF2E,E00700002A2EFF2F
0000719,E00700002A2EFF3E,E00700002A2EFF3F
0000720,E00700002A2EFF40,E00700002A2EFF41
0000721,E00700002A2EFF42,E00700002A2EFF43
0000722,E00700002A2EFF38,E00700002A2EFF39
0000723,E00700002A2EFF3A,E00700002A2EFF3B
0000724,E00700002A2EFF3C,E00700002A2EFF3D
0000725,E00700002A2EFF49,E00700002A2EFF4A
0000726,E00700002A2EFF47,E00700002A2EFF48
0000727,E00700002A2EFF46,E00700002A2EFF37
0000728,E00700002A2EFF50,E00700002A2EFF4F
0000729,E00700002A2EFF4D,E00700002A2EFF4E
0000730,E00700002A2EFF4B,E00700002A2EFF4C
0000731,E00700002A2EFF60,E00700002A2EFF61
0000732,E00700002A2EFF53,E00700002A2EFF54
0000733,E00700002A2EFF51,E00700002A2EFF52
0000734,E00700002A2EFF5A,E00700002A2EFF5B
0000735,E00700002A2EFF5C,E00700002A2EFF5D
0000736,E00700002A2EFF5E,E00700002A2EFF5F
0000737,E00700002A2EFF25,E00700002A2EFF55
0000738,E00700002A2EFF56,E00700002A2EFF57
0000739,E00700002A2EFF58,E00700002A2EFF59
0000740,E00700002A2EFF20,E00700002A2EFF1F
0000741,E00700002A2EFF21,E00700002A2EFF22
0000742,E00700002A2EFF23,E00700002A2EFF24
0000743,E00700002A2EFF19,E00700002A2EFF1A
0000744,E00700002A2EFF1B,E00700002A2EFF1C
0000745,E00700002A2EFF1D,E00700002A2EFF1E
0000746,E00700002A2EFF13,E00700002A2EFF14
0000747,E00700002A2EFF15,E00700002A2EFF16
0000748,E00700002A2EFF17,E00700002A2EFF18
0000749,E00700002A2EFF0D,E00700002A2EFF0E
0000750,E00700002A2EFF10,E00700002A2EFF0F
0000754,E00700002A2F274B,E00700002A2F274E
0000755,E00700002A2F274A,E00700002A2F274D
0000756,E00700002A2F2749,E00700002A2F274C
0000757,E00700002A2F2750,E00700002A2F2751
0000758,E00700002A2F2753,E00700002A2F274F
0000759,E00700002A2F2752,E00700002A2F2754
0000760,E00700002A2F2756,E00700002A2F2758
0000761,E00700002A2F2755,E00700002A2F2759
0000762,E00700002A2F2757,E00700002A2F275A
0000763,E00700002A2F2760,E00700002A2F275D
0000764,E00700002A2F275C,E00700002A2F275F
0000765,E00700002A2F275B,E00700002A2F275E
0000766,E00700002A2F2763,E00700002A2F2766
0000767,E00700002A2F2762,E00700002A2F2765
0000768,E00700002A2F2761,E00700002A2F2764
0000769,E00700002A2F2769,E00700002A2F276C
0000770,E00700002A2F2768,E00700002A2F276B
0000771,E00700002A2F2767,E00700002A2F276A
0000772,E00700002A2F2772,E00700002A2F276F
0000773,E00700002A2F2771,E00700002A2F276E
0000774,E00700002A2F2770,E00700002A2F276D
0000775,E00700002A2F2775,E00700002A2F2778
0000776,E00700002A2F2774,E00700002A2F2777
0000777,E00700002A2F2773,E00700002A2F2776
0000778,E00700002A2F277B,E00700002A2F277E
0000779,E00700002A2F277A,E00700002A2F277D
0000780,E00700002A2F2779,E00700002A2F277C
0000781,E00700002A2F2781,E00700002A2F2784
0000782,E00700002A2F2780,E00700002A2F2783
0000783,E00700002A2F2782,E00700002A2F277F
0000784,E00700002A2F2787,E00700002A2F278A
0000785,E00700002A2F2786,E00700002A2F2789
0000786,E00700002A2F2785,E00700002A2F2788
0000787,E00700002A2F2790,E00700002A2F278D
0000789,E00700002A2F278B,E00700002A2F278E
0000790,E00700002A2F2793,E00700002A2F2796
0000791,E00700002A2F2792,E00700002A2F2795
0000792,E00700002A2F2791,E00700002A2F2794
0000793,E00700002A2F2799,E00700002A2F279C
0000794,E00700002A2F2798,E00700002A2F279B
0000795,E00700002A2F2797,E00700002A2F279A
0000796,E00700002A2F27A2,E00700002A2F279F
0000797,E00700002A2F27A1,E00700002A2F279E
0000798,E00700002A2F27A0,E00700002A2F279D
0000799,E00700002A2F27A5,E00700002A2F27A8
0000800,E00700002A2F27A4,E00700002A2F27A7
0000801,E00700002A2F27A3,E00700002A2F27A6
0000802,E00700002A2F27AB,E00700002A2F27AE
0000803,E00700002A2F27AA,E00700002A2F27AD
0000804,E00700002A2F27A9,E00700002A2F27AC
0000805,E00700002A2F27B1,E00700002A2F27B4
0000806,E00700002A2F27B0,E00700002A2F27B3
0000807,E00700002A2F27B2,E00700002A2F27AF
0000808,E00700002A2F27B7,E00700002A2F27BA
0000809,E00700002A2F27B6,E00700002A2F27B9
0000810,E00700002A2F27B5,E00700002A2F27B8
0000811,E00700002A2F27C0,E00700002A2F27BD
0000812,E00700002A2F27BC,E00700002A2F27BF
0000813,E00700002A2F27BB,E00700002A2F27BE
0000814,E00700002A2F27C3,E00700002A2F27FE
0000815,E00700002A2F27C2,E00700002A2F27FD
0000816,E00700002A2F27C1,E00700002A2F27FC
0000817,E00700002A2F2801,E00700002A2F2804
0000818,E00700002A2F2800,E00700002A2F2803
0000819,E00700002A2F2802,E00700002A2F27FF
0000820,E00700002A2F2807,E00700002A2F280A
0000821,E00700002A2F2806,E00700002A2F2809
0000822,E00700002A2F2805,E00700002A2F2808
0000823,E00700002A2F2810,E00700002A2F280D
0000824,E00700002A2F280C,E00700002A2F280F
0000825,E00700002A2F280B,E00700002A2F280E
0000826,E00700002A2F2813,E00700002A2F2816
0000827,E00700002A2F2812,E00700002A2F2815
0000828,E00700002A2F2811,E00700002A2F2814
0000829,E00700002A2F2819,E00700002A2F281C
0000830,E00700002A2F2818,E00700002A2F281B
0000831,E00700002A2F2817,E00700002A2F281A
0000832,E00700002A2F2822,E00700002A2F281F
0000833,E00700002A2F2821,E00700002A2F281E
0000834,E00700002A2F2820,E00700002A2F281D
0000835,E00700002A2F2825,E00700002A2F2828
0000836,E00700002A2F2824,E00700002A2F2827
0000837,E00700002A2F2823,E00700002A2F2826
0000838,E00700002A2F282B,E00700002A2F282E
0000839,E00700002A2F282A,E00700002A2F282D
0000840,E00700002A2F2829,E00700002A2F282C
0000841,E00700002A2F2831,E00700002A2F2834
0000842,E00700002A2F2830,E00700002A2F2833
0000843,E00700002A2F2832,E00700002A2F282F
0000844,E00700002A2F2895,E00700002A2F2898
0000845,E00700002A2F2894,E00700002A2F2897
0000846,E00700002A2F2835,E00700002A2F2896
0000847,E00700002A2F289B,E00700002A2F289E
0000848,E00700002A2F289A,E00700002A2F289D
0000849,E00700002A2F2899,E00700002A2F289C
0000850,E00700002A2F28A1,E00700002A2F28A4
0000851,E00700002A2F28A0,E00700002A2F28A3
0000852,E00700002A2F28A2,E00700002A2F289F
0000853,E00700002A2F28A7,E00700002A2F28AA
0000854,E00700002A2F28A6,E00700002A2F28A9
0000855,E00700002A2F28A5,E00700002A2F28A8
0000856,E00700002A2F28B0,E00700002A2F28AD
0000857,E00700002A2F28AC,E00700002A2F28AF
0000858,E00700002A2F28AB,E00700002A2F28AE
0000859,E00700002A2F28B3,E00700002A2F28B6
0000860,E00700002A2F28B2,E00700002A2F28B5
0000861,E00700002A2F28B1,E00700002A2F28B4
0000862,E00700002A2F28B9,E00700002A2F28BC
0000863,E00700002A2F28B8,E00700002A2F28BB
0000864,E00700002A2F28B7,E00700002A2F28BA
0000865,E00700002A2F28C2,E00700002A2F28BF
0000866,E00700002A2F28C1,E00700002A2F28BE
0000867,E00700002A2F28C0,E00700002A2F28BD
0000868,E00700002A2F28C5,E00700002A2F28C8
0000869,E00700002A2F28C4,E00700002A2F28C7
0000870,E00700002A2F28C3,E00700002A2F28C6
0000871,E00700002A2F28CB,E00700002A2F28CE
0000872,E00700002A2F28CA,E00700002A2F28CD
0000873,E00700002A2F28C9,E00700002A2F28CC
0000874,E00700002A2F28D1,E00700002A2F28D4
0000875,E00700002A2F28D0,E00700002A2F28D3
0000876,E00700002A2F28D2,E00700002A2F28CF
0000877,E00700002A2F28D7,E00700002A2F28DA
0000878,E00700002A2F28D6,E00700002A2F28D9
0000879,E00700002A2F28D5,E00700002A2F28D8
0000880,E00700002A2F28E0,E00700002A2F28DD
0000881,E00700002A2F28DC,E00700002A2F28DF
0000882,E00700002A2F28DB,E00700002A2F28DE
0000883,E00700002A2F28E3,E00700002A2F28E6
0000884,E00700002A2F28E2,E00700002A2F28E5
0000885,E00700002A2F28E1,E00700002A2F28E4
0000886,E00700002A2F28E9,E00700002A2F28EC
0000887,E00700002A2F28E8,E00700002A2F28EB
0000888,E00700002A2F28E7,E00700002A2F28EA
0000889,E00700002A2F28F0,E00700002A2F28EF
0000890,E00700002A2F28F1,E00700002A2F28EE
0000891,E00700002A2F28F2,E00700002A2F28ED
0000892,E00700002A2F28F5,E00700002A2F28F8
0000893,E00700002A2F28F4,E00700002A2F28F7
0000895,E00700002A2F28FB,E00700002A2F28FE
0000896,E00700002A2F28FA,E00700002A2F28FD
0000897,E00700002A2F28F9,E00700002A2F28FC
0000898,E00700002A2F2901,E00700002A2F2904
0000899,E00700002A2F2900,E00700002A2F2903
0000901,E00700002A2F2907,E00700002A2F290A
0000902,E00700002A2F2906,E00700002A2F2909
0000903,E00700002A2F2905,E00700002A2F2908
0000904,E00700002A2F2910,E00700002A2F290D
0000905,E00700002A2F290C,E00700002A2F290F
0000906,E00700002A2F290B,E00700002A2F290E
0000907,E00700002A2F2913,E00700002A2F2916
0000908,E00700002A2F2912,E00700002A2F2915
0000909,E00700002A2F2911,E00700002A2F2914
0000910,E00700002A2F2919,E00700002A2F291C
0000911,E00700002A2F2918,E00700002A2F291B
0000912,E00700002A2F2917,E00700002A2F291A
0000913,E00700002A2F2920,E00700002A2F291F
0000914,E00700002A2F2921,E00700002A2F291E
0000915,E00700002A2F2922,E00700002A2F291D
0000916,E00700002A2F2925,E00700002A2F2928
0000917,E00700002A2F2924,E00700002A2F2927
0000918,E00700002A2F2923,E00700002A2F2926
0000919,E00700002A2F2982,E00700002A2F297F
0000920,E00700002A2F2981,E00700002A2F297E
0000921,E00700002A2F2980,E00700002A2F297D
0000922,E00700002A2F2985,E00700002A2F2988
0000923,E00700002A2F2984,E00700002A2F2987
0000924,E00700002A2F2983,E00700002A2F2986
0000925,E00700002A2F29A2,E00700002A2F29A5
0000926,E00700002A2F29A4,E00700002A2F298A
0000927,E00700002A2F29A3,E00700002A2F2989
0000928,E00700002A2F29A8,E00700002A2F29AB
0000929,E00700002A2F29A7,E00700002A2F29AA
0000930,E00700002A2F29A6,E00700002A2F29A9
0000931,E00700002A2F29B1,E00700002A2F29AE
0000932,E00700002A2F29B0,E00700002A2F29AD
0000933,E00700002A2F29AC,E00700002A2F29AF
0000934,E00700002A2F29B4,E00700002A2F29B7
0000935,E00700002A2F29B3,E00700002A2F29B6
0000936,E00700002A2F29B2,E00700002A2F29B5
0000937,E00700002A2F29BA,E00700002A2F29BD
0000938,E00700002A2F29B9,E00700002A2F29BC
0000939,E00700002A2F29B8,E00700002A2F29BB
0000940,E00700002A2F29C0,E00700002A2F29C3
0000941,E00700002A2F29C2,E00700002A2F29BF
0000942,E00700002A2F29C1,E00700002A2F29BE
0000943,E00700002A2F29C6,E00700002A2F29C9
0000944,E00700002A2F29C5,E00700002A2F29C8
0000945,E00700002A2F29C4,E00700002A2F29C7
0000946,E00700002A2F29CC,E00700002A2F29CF
0000947,E00700002A2F29CB,E00700002A2F29CE
0000948,E00700002A2F29CA,E00700002A2F29CD
0000949,E00700002A2F29D2,E00700002A2F29D5
0000950,E00700002A2F29D1,E00700002A2F29D4
0000951,E00700002A2F29D0,E00700002A2F29D3
0000952,E00700002A2F29D8,E00700002A2F29DB
0000953,E00700002A2F29D7,E00700002A2F29DA
0000954,E00700002A2F29D6,E00700002A2F29D9
0000955,E00700002A2F29E1,E00700002A2F29DE
0000956,E00700002A2F29E0,E00700002A2F29DD
0000957,E00700002A2F29DC,E00700002A2F29DF
0000958,E00700002A2F29E4,E00700002A2F29E7
0000959,E00700002A2F29E3,E00700002A2F29E6
0000960,E00700002A2F29E2,E00700002A2F29E5
0000961,E00700002A2F29EA,E00700002A2F29ED
0000962,E00700002A2F29E9,E00700002A2F29EC
0000963,E00700002A2F29E8,E00700002A2F29EB
0000964,E00700002A2F29F0,E00700002A2F29F3
0000965,E00700002A2F29F2,E00700002A2F29EF
0000966,E00700002A2F29F1,E00700002A2F29EE
0000967,E00700002A2F29F6,E00700002A2F29F9
0000968,E00700002A2F29F5,E00700002A2F29F8
0000969,E00700002A2F29F4,E00700002A2F29F7
0000970,E00700002A2F29FC,E00700002A2F29FF
0000971,E00700002A2F29FB,E00700002A2F29FE
0000972,E00700002A2F29FA,E00700002A2F29FD
0000973,E00700002A2F2A02,E00700002A2F2A05
0000974,E00700002A2F2A01,E00700002A2F2A04
0000975,E00700002A2F2A00,E00700002A2F2A03
0000976,E00700002A2F2A08,E00700002A2F2A0B
0000977,E00700002A2F2A07,E00700002A2F2A0A
0000978,E00700002A2F2A06,E00700002A2F2A09
0000979,E00700002A2F2A11,E00700002A2F2A0E
0000980,E00700002A2F2A10,E00700002A2F2A0D
0000981,E00700002A2F2A0C,E00700002A2F2A0F
0000982,E00700002A2F2A14,E00700002A2F2A17
0000983,E00700002A2F2A13,E00700002A2F2A16
0000984,E00700002A2F2A12,E00700002A2F2A15
0000985,E00700002A2F2A70,E00700002A2F2A73
0000986,E00700002A2F2A72,E00700002A2F2A6F
0000987,E00700002A2F2A71,E00700002A2F2A6E
0000988,E00700002A2F2A76,E00700002A2F2A79
0000989,E00700002A2F2A75,E00700002A2F2A78
0000990,E00700002A2F2A74,E00700002A2F2A77
0000991,E00700002A2F2A7C,E00700002A2F2A7F
0000992,E00700002A2F2A7B,E00700002A2F2A7E
0000993,E00700002A2F2A7A,E00700002A2F2A7D
0000994,E00700002A2F2A82,E00700002A2F2A85
0000995,E00700002A2F2A81,E00700002A2F2A84
0000996,E00700002A2F2A80,E00700002A2F2A83
0000997,E00700002A2F2A88,E00700002A2F2A8B
0000998,E00700002A2F2A87,E00700002A2F2A8A
0000999,E00700002A2F2A86,E00700002A2F2A89
0001000,E00700002A2F2A91,E00700002A2F2A8E
0001001,E00700002A2F2A90,E00700002A2F2A8D
0001002,E00700002A2F2A8C,E00700002A2F2A8F
0001003,E00700002A2F2A94,E00700002A2F2A97
0001004,E00700002A2F2A93,E00700002A2F2A96
0001005,E00700002A2F2A92,E00700002A2F2A95
0001006,E00700002A2F2A9A,E00700002A2F2A9D
0001007,E00700002A2F2A99,E00700002A2F2A9C
0001008,E00700002A2F2A98,E00700002A2F2A9B
0001009,E00700002A2F2AA0,E00700002A2F2AA3
0001010,E00700002A2F2AA2,E00700002A2F2A9F
0001011,E00700002A2F2AA1,E00700002A2F2A9E
0001012,E00700002A2F2AA8,E00700002A2F2AA9
0001013,E00700002A2F2AA6,E00700002A2F2AA7
0001014,E00700002A2F2AA4,E00700002A2F2AA5
0001015,E00700002A2F2AAC,E00700002A2F2AAF
0001016,E00700002A2F2AAB,E00700002A2F2AAE
0001017,E00700002A2F2AAA,E00700002A2F2AAD
0001018,E00700002A2F2AB2,E00700002A2F2AB5
0001019,E00700002A2F2AB1,E00700002A2F2AB4
0001020,E00700002A2F2AB0,E00700002A2F2AB3
0001021,E00700002A2F2AB8,E00700002A2F2ABB
0001022,E00700002A2F2AB7,E00700002A2F2ABA
0001023,E00700002A2F2AB6,E00700002A2F2AB9
0001024,E00700002A2F2AC1,E00700002A2F2ABE
0001025,E00700002A2F2AC0,E00700002A2F2ABD
0001026,E00700002A2F2ABC,E00700002A2F2ABF
0001027,E00700002A2F2AC4,E00700002A2F2AC7
0001028,E00700002A2F2AC3,E00700002A2F2AC6
0001029,E00700002A2F2AC2,E00700002A2F2AC5
0001030,E00700002A2F2ACA,E00700002A2F2ACD
0001031,E00700002A2F2AC9,E00700002A2F2ACC
0001032,E00700002A2F2AC8,E00700002A2F2ACB
0001033,E00700002A2F2AD0,E00700002A2F2AD3
0001034,E00700002A2F2AD2,E00700002A2F2ACF
0001035,E00700002A2F2AD1,E00700002A2F2ACE
0001036,E00700002A2F2AD6,E00700002A2F2AD9
0001037,E00700002A2F2AD5,E00700002A2F2AD8
0001038,E00700002A2F2AD4,E00700002A2F2AD7
0001039,E00700002A2F2ADC,E00700002A2F2ADF
0001041,E00700002A2F2ADA,E00700002A2F2ADD
0001042,E00700002A2F2AE2,E00700002A2F2AE5
0001043,E00700002A2F2AE1,E00700002A2F2AE4
0001044,E00700002A2F2AE0,E00700002A2F2AE3
0001045,E00700002A2F2AE8,E00700002A2F2AEB
0001046,E00700002A2F2AE7,E00700002A2F2AEA
0001047,E00700002A2F2AE6,E00700002A2F2AE9
0001048,E00700002A2F2AF1,E00700002A2F2AEE
0001049,E00700002A2F2AF0,E00700002A2F2AED
0001050,E00700002A2F2AEC,E00700002A2F2AEF
0001051,E00700002A2F2AF4,E00700002A2F2AF7
0001052,E00700002A2F2AF3,E00700002A2F2AF6
0001053,E00700002A2F2AF2,E00700002A2F2AF5
0001054,E00700002A2F2AFA,E00700002A2F2AFD
0001055,E00700002A2F2AF9,E00700002A2F2AFC
0001056,E00700002A2F2AF8,E00700002A2F2AFB
0001057,E00700002A2F2B00,E00700002A2F2B65
0001058,E00700002A2F2B64,E00700002A2F2AFF
0001059,E00700002A2F2B01,E00700002A2F2AFE
0001060,E00700002A2F2B68,E00700002A2F2B6B
0001061,E00700002A2F2B67,E00700002A2F2B6A
0001062,E00700002A2F2B66,E00700002A2F2B69
0001063,E00700002A2F2B71,E00700002A2F2B6E
0001064,E00700002A2F2B70,E00700002A2F2B6D
0001065,E00700002A2F2B6C,E00700002A2F2B6F
0001066,E00700002A2F2B74,E00700002A2F2B77
0001067,E00700002A2F2B73,E00700002A2F2B76
0001068,E00700002A2F2B72,E00700002A2F2B75
0001069,E00700002A2F2B7A,E00700002A2F2BCE
0001070,E00700002A2F2B79,E00700002A2F2B7C
0001071,E00700002A2F2B78,E00700002A2F2B7B
0001073,E00700002A2F2BD0,E00700002A2F2BD3
0001074,E00700002A2F2BD2,E00700002A2F2BCF
0001075,E00700002A2F2BD7,E00700002A2F2BDA
0001076,E00700002A2F2BD6,E00700002A2F2BD9
0001077,E00700002A2F2BD5,E00700002A2F2BD8
0001078,E00700002A2F2BE0,E00700002A2F2BDD
0001079,E00700002A2F2BDC,E00700002A2F2BDF
0001080,E00700002A2F2BDB,E00700002A2F2BDE
0001081,E00700002A2F2BE3,E00700002A2F2BE6
0001082,E00700002A2F2BE2,E00700002A2F2BE5
0001083,E00700002A2F2BE1,E00700002A2F2BE4
0001084,E00700002A2F2BE9,E00700002A2F2BEC
0001085,E00700002A2F2BE8,E00700002A2F2BEB
0001086,E00700002A2F2BE7,E00700002A2F2BEA
0001087,E00700002A2F2BF2,E00700002A2F2BEF
0001088,E00700002A2F2BF1,E00700002A2F2BEE
0001089,E00700002A2F2BF0,E00700002A2F2BED
0001090,E00700002A2F2BF5,E00700002A2F2BF8
0001091,E00700002A2F2BF4,E00700002A2F2BF7
0001092,E00700002A2F2BF3,E00700002A2F2BF6
0001093,E00700002A2F2BFB,E00700002A2F2BFE
0001094,E00700002A2F2BFA,E00700002A2F2BFD
0001095,E00700002A2F2BF9,E00700002A2F2BFC
0001096,E00700002A2F2C01,E00700002A2F2C04
0001097,E00700002A2F2C00,E00700002A2F2C03
0001098,E00700002A2F2C02,E00700002A2F2BFF
0001099,E00700002A2F2C07,E00700002A2F2C0A
0001100,E00700002A2F2C06,E00700002A2F2C09
0001101,E00700002A2F2C05,E00700002A2F2C08
0001102,E00700002A2F2C10,E00700002A2F2C0D
0001103,E00700002A2F2C0C,E00700002A2F2C0F
0001104,E00700002A2F2C0B,E00700002A2F2C0E
0001105,E00700002A2F2C13,E00700002A2F2C16
0001106,E00700002A2F2C12,E00700002A2F2C15
0001107,E00700002A2F2C11,E00700002A2F2C14
0001108,E00700002A2F2C19,E00700002A2F2C1C
0001109,E00700002A2F2C18,E00700002A2F2C1B
0001110,E00700002A2F2C17,E00700002A2F2C1A
0001111,E00700002A2F2C20,E00700002A2F2C22
0001113,E00700002A2F2C1D,E00700002A2F2C1E
0001114,E00700002A2F2C25,E00700002A2F2C28
0001115,E00700002A2F2C24,E00700002A2F2C27
0001116,E00700002A2F2C23,E00700002A2F2C26
0001117,E00700002A2F2C2B,E00700002A2F2C2E
0001118,E00700002A2F2C2A,E00700002A2F2C2D
0001119,E00700002A2F2C29,E00700002A2F2C2C
0001120,E00700002A2F2C31,E00700002A2F2C34
0001121,E00700002A2F2C30,E00700002A2F2C33
0001122,E00700002A2F2C32,E00700002A2F2C2F
0001123,E00700002A2F2CC4,E00700002A2F2C37
0001124,E00700002A2F2CC3,E00700002A2F2C36
0001125,E00700002A2F2CC2,E00700002A2F2C35
0001126,E00700002A2F2CC7,E00700002A2F2CCA
0001127,E00700002A2F2CC6,E00700002A2F2CC9
0001128,E00700002A2F2CC5,E00700002A2F2CC8
0001129,E00700002A2F2CD0,E00700002A2F2CCD
0001130,E00700002A2F2CCC,E00700002A2F2CCF
0001131,E00700002A2F2CCB,E00700002A2F2CCE
0001132,E00700002A2F2CD3,E00700002A2F2CD5
0001134,E00700002A2F2CD1,E00700002A2F2CD4
0001135,E00700002A2F2CD9,E00700002A2F2CDC
0001136,E00700002A2F2CD8,E00700002A2F2CDB
0001137,E00700002A2F2CD7,E00700002A2F2CDA
0001138,E00700002A2F2CE2,E00700002A2F2CDF
0001139,E00700002A2F2CE1,E00700002A2F2CDE
0001140,E00700002A2F2CE0,E00700002A2F2CDD
0001141,E00700002A2F2CE5,E00700002A2F2CE8
0001142,E00700002A2F2CE4,E00700002A2F2CE7
0001143,E00700002A2F2CE3,E00700002A2F2CE6
0001144,E00700002A2F2CEB,E00700002A2F2CEE
0001145,E00700002A2F2CEA,E00700002A2F2CED
0001146,E00700002A2F2CE9,E00700002A2F2CEC
0001147,E00700002A2F2CF1,E00700002A2F2CF4
0001148,E00700002A2F2CF0,E00700002A2F2CF3
0001150,E00700002A2F2F70,E00700002A2F2F73
0001153,E00700002A2F2F76,E00700002A2F2F79
0001154,E00700002A2F2F75,E00700002A2F2F78
0001155,E00700002A2F2F74,E00700002A2F2F77
0001156,E00700002A2F2F7C,E00700002A2F2F7F
0001157,E00700002A2F2F7B,E00700002A2F2F7E
0001158,E00700002A2F2F7A,E00700002A2F2F7D
0001159,E00700002A2F2F82,E00700002A2F2F85
0001160,E00700002A2F2F81,E00700002A2F2F84
0001161,E00700002A2F2F80,E00700002A2F2F83
0001162,E00700002A2F2F88,E00700002A2F2F8B
0001163,E00700002A2F2F87,E00700002A2F2F8A
0001164,E00700002A2F2F86,E00700002A2F2F89
0001165,E00700002A2F2F91,E00700002A2F2F8E
0001166,E00700002A2F2F90,E00700002A2F2F8D
0001167,E00700002A2F2F8C,E00700002A2F2F8F
0001168,E00700002A2F2F94,E00700002A2F2F97
0001169,E00700002A2F2F93,E00700002A2F2F96
0001170,E00700002A2F2F92,E00700002A2F2F95
0001171,E00700002A2F303B,E00700002A2F303E
0001172,E00700002A2F303A,E00700002A2F303D
0001173,E00700002A2F3039,E00700002A2F303C
0001174,E00700002A2F3041,E00700002A2F3044
0001175,E00700002A2F3040,E00700002A2F3043
0001176,E00700002A2F3042,E00700002A2F303F
0001177,E00700002A2F3047,E00700002A2F304A
0001178,E00700002A2F3046,E00700002A2F3049
0001179,E00700002A2F3045,E00700002A2F3048
0001180,E00700002A2F3050,E00700002A2F304D
0001181,E00700002A2F304C,E00700002A2F304F
0001182,E00700002A2F304B,E00700002A2F304E
0001183,E00700002A2F3053,E00700002A2F3056
0001184,E00700002A2F3052,E00700002A2F3055
0001185,E00700002A2F3051,E00700002A2F3054
0001186,E00700002A2F31A0,E00700002A2F3059
0001187,E00700002A2F3058,E00700002A2F319F
0001188,E00700002A2F3057,E00700002A2F305A
0001189,E00700002A2F31A3,E00700002A2F31A6
0001190,E00700002A2F31A2,E00700002A2F31A5
0001191,E00700002A2F31A1,E00700002A2F31A4
0001192,E00700002A2F31A9,E00700002A2F31AC
0001193,E00700002A2F31A8,E00700002A2F31AB
0001194,E00700002A2F31A7,E00700002A2F31AA
0001195,E00700002A2F3222,E00700002A2F3225
0001196,E00700002A2F3221,E00700002A2F3224
0001197,E00700002A2F3220,E00700002A2F3223
0001198,E00700002A2F3228,E00700002A2F322B
0001199,E00700002A2F3227,E00700002A2F322A
0001200,E00700002A2F3226,E00700002A2F3229
0001201,E00700002A2F3231,E00700002A2F322E
0001203,E00700002A2F322C,E00700002A2F322F
0001204,E00700002A2F3234,E00700002A2F3237
0001206,E00700002A2F3232,E00700002A2F3235
0001207,E00700002A2F01BE,E00700002A2F01BF
0001208,E00700002A2F01C0,E00700002A2F01C1
0001209,E00700002A2F01C2,E00700002A2F01C3
0001210,E00700002A2F01C6,E00700002A2F01C7
0001211,E00700002A2F01C5,E00700002A2F01C8
0001212,E00700002A2F01C4,E00700002A2F01C9
0001213,E00700002A2F01CA,E00700002A2F01CB
0001214,E00700002A2F01CC,E00700002A2F01CD
0001215,E00700002A2F01CE,E00700002A2F01CF
0001216,E00700002A2EFFA7,E00700002A2EFFA8
0001217,E00700002A2EFFA6,E00700002A2EFFA9
0001218,E00700002A2EFFA5,E00700002A2EFFAA
0001219,E00700002A2F01B8,E00700002A2F01BB
0001220,E00700002A2F01B9,E00700002A2F01BC
0001221,E00700002A2F01BA,E00700002A2F01BD
0001222,E00700002A2EFFA2,E00700002A2EFF9F
0001223,E00700002A2EFFA0,E00700002A2EFFA3
0001224,E00700002A2EFFA1,E00700002A2EFFA4
0001225,E00700002A2EFF93,E00700002A2EFF96
0001226,E00700002A2EFF94,E00700002A2EFF97
0001227,E00700002A2EFF95,E00700002A2EFF98
0001228,E00700002A2EFF90,E00700002A2EFF8D
0001229,E00700002A2EFF91,E00700002A2EFF8E
0001230,E00700002A2EFF92,E00700002A2EFF8F
0001231,E00700002A2EFF99,E00700002A2EFF9E
0001232,E00700002A2EFF9A,E00700002A2EFF9D
0001233,E00700002A2EFF9B,E00700002A2EFF9C
0001234,E00700002A2F01D0,E00700002A2F01D3
0001235,E00700002A2F01D1,E00700002A2F01D4
0001236,E00700002A2F01D2,E00700002A2F01D5
0001237,E00700002A2F01D6,E00700002A2F01D7
0001238,E00700002A2F01D8,E00700002A2F01D9
0001239,E00700002A2F01DA,E00700002A2F01DB
0001240,E00700002A2F01EE,E00700002A2F01EF
0001241,E00700002A2F01EC,E00700002A2F01ED
0001242,E00700002A2F01EA,E00700002A2F01EB
0001243,E00700002A2F01E6,E00700002A2F01E7
0001244,E00700002A2F01E5,E00700002A2F01E8
0001245,E00700002A2F01E4,E00700002A2F01E9
0001246,E00700002A2F01E1,E00700002A2F01DC
0001247,E00700002A2F01E0,E00700002A2F01DD
0001248,E00700002A2F01DE,E00700002A2F01DF
0001249,E00700002A2F01E2,E00700002A2F01E3
0001250,E00700002A2EFFAC,E00700002A2EFFAE
